Ticker,Rows,Start,End
A,4297,2010-01-04,2026-06-23
AAPL,4297,2010-01-04,2026-06-23
ABBV,3515,2013-01-02,2026-06-23
ABNB,1444,2020-12-10,2026-06-23
ABT,4297,2010-01-04,2026-06-23
ACGL,4297,2010-01-04,2026-06-23
ACN,4297,2010-01-04,2026-06-23
ADBE,4297,2010-01-04,2026-06-23
ADI,4297,2010-01-04,2026-06-23
ADM,4297,2010-01-04,2026-06-23
ADP,4297,2010-01-04,2026-06-23
ADSK,4297,2010-01-04,2026-06-23
AEE,4297,2010-01-04,2026-06-23
AEP,4297,2010-01-04,2026-06-23
AES,4297,2010-01-04,2026-06-23
AFL,4297,2010-01-04,2026-06-23
AIG,4297,2010-01-04,2026-06-23
AIZ,4297,2010-01-04,2026-06-23
AJG,4297,2010-01-04,2026-06-23
AKAM,4297,2010-01-04,2026-06-23
ALB,4297,2010-01-04,2026-06-23
ALGN,4297,2010-01-04,2026-06-23
ALL,4297,2010-01-04,2026-06-23
ALLE,3277,2013-12-02,2026-06-23
AMAT,4297,2010-01-04,2026-06-23
AMCR,1836,2019-06-11,2026-06-23
AMD,4297,2010-01-04,2026-06-23
AME,4297,2010-01-04,2026-06-23
AMGN,4297,2010-01-04,2026-06-23
AMP,4297,2010-01-04,2026-06-23
AMT,4297,2010-01-04,2026-06-23
AMZN,4297,2010-01-04,2026-06-23
ANET,3143,2014-06-06,2026-06-23
AON,4297,2010-01-04,2026-06-23
AOS,4297,2010-01-04,2026-06-23
APA,4297,2010-01-04,2026-06-23
APD,4297,2010-01-04,2026-06-23
APH,4297,2010-01-04,2026-06-23
APO,3975,2011-03-30,2026-06-23
APP,1354,2021-04-15,2026-06-23
APTV,3809,2011-11-17,2026-06-23
ARE,4297,2010-01-04,2026-06-23
ARES,3168,2014-05-02,2026-06-23
ATO,4297,2010-01-04,2026-06-23
AVB,4297,2010-01-04,2026-06-23
AVGO,4297,2010-01-04,2026-06-23
AVY,4297,2010-01-04,2026-06-23
AWK,4297,2010-01-04,2026-06-23
AXON,4297,2010-01-04,2026-06-23
AXP,4297,2010-01-04,2026-06-23
AZO,4297,2010-01-04,2026-06-23
BA,4297,2010-01-04,2026-06-23
BAC,4297,2010-01-04,2026-06-23
BALL,4297,2010-01-04,2026-06-23
BAX,4297,2010-01-04,2026-06-23
BBY,4297,2010-01-04,2026-06-23
BDX,4297,2010-01-04,2026-06-23
BEN,4297,2010-01-04,2026-06-23
BF.B,4297,2010-01-04,2026-06-23
BG,4297,2010-01-04,2026-06-23
BIIB,4297,2010-01-04,2026-06-23
BKNG,4297,2010-01-04,2026-06-23
BKR,2340,2017-07-05,2026-06-23
BLDR,4297,2010-01-04,2026-06-23
BLK,4297,2010-01-04,2026-06-23
BMY,4297,2010-01-04,2026-06-23
BNY,4297,2010-01-04,2026-06-23
BR,4297,2010-01-04,2026-06-23
BRK.B,4297,2010-01-04,2026-06-23
BRO,4297,2010-01-04,2026-06-23
BSX,4297,2010-01-04,2026-06-23
BX,4297,2010-01-04,2026-06-23
BXP,4297,2010-01-04,2026-06-23
C,4297,2010-01-04,2026-06-23
CAG,4297,2010-01-04,2026-06-23
CAH,4297,2010-01-04,2026-06-23
CARR,1623,2020-04-03,2026-06-23
CASY,4297,2010-01-04,2026-06-23
CAT,4297,2010-01-04,2026-06-23
CB,4297,2010-01-04,2026-06-23
CBOE,4181,2010-06-15,2026-06-23
CBRE,4297,2010-01-04,2026-06-23
CCI,4297,2010-01-04,2026-06-23
CCL,4297,2010-01-04,2026-06-23
CDNS,4297,2010-01-04,2026-06-23
CDW,3389,2013-06-27,2026-06-23
CEG,1145,2022-02-02,2026-06-23
CF,4297,2010-01-04,2026-06-23
CFG,3065,2014-09-24,2026-06-23
CHD,4297,2010-01-04,2026-06-23
CHRW,4297,2010-01-04,2026-06-23
CHTR,4297,2010-01-04,2026-06-23
CI,4297,2010-01-04,2026-06-23
CIEN,4297,2010-01-04,2026-06-23
CINF,4297,2010-01-04,2026-06-23
CL,4297,2010-01-04,2026-06-23
CLX,4297,2010-01-04,2026-06-23
CMCSA,4297,2010-01-04,2026-06-23
CME,4297,2010-01-04,2026-06-23
CMG,4297,2010-01-04,2026-06-23
CMI,4297,2010-01-04,2026-06-23
CMS,4297,2010-01-04,2026-06-23
CNC,4297,2010-01-04,2026-06-23
CNP,4297,2010-01-04,2026-06-23
COF,4297,2010-01-04,2026-06-23
COHR,4297,2010-01-04,2026-06-23
COIN,1355,2021-04-14,2026-06-23
COO,4297,2010-01-04,2026-06-23
COP,4297,2010-01-04,2026-06-23
COR,4297,2010-01-04,2026-06-23
COST,4297,2010-01-04,2026-06-23
CPAY,4050,2010-12-15,2026-06-23
CPRT,4297,2010-01-04,2026-06-23
CPT,4297,2010-01-04,2026-06-23
CRH,4297,2010-01-04,2026-06-23
CRL,4297,2010-01-04,2026-06-23
CRM,4297,2010-01-04,2026-06-23
CRWD,1835,2019-06-12,2026-06-23
CSCO,4297,2010-01-04,2026-06-23
CSGP,4297,2010-01-04,2026-06-23
CSX,4297,2010-01-04,2026-06-23
CTAS,4297,2010-01-04,2026-06-23
CTSH,4297,2010-01-04,2026-06-23
CTVA,1842,2019-06-03,2026-06-23
CVNA,2388,2017-04-28,2026-06-23
CVS,4297,2010-01-04,2026-06-23
CVX,4297,2010-01-04,2026-06-23
D,4297,2010-01-04,2026-06-23
DAL,4297,2010-01-04,2026-06-23
DASH,1445,2020-12-09,2026-06-23
DD,4297,2010-01-04,2026-06-23
DDOG,1764,2019-09-19,2026-06-23
DE,4297,2010-01-04,2026-06-23
DECK,4297,2010-01-04,2026-06-23
DELL,1953,2018-12-28,2026-06-23
DG,4297,2010-01-04,2026-06-23
DGX,4297,2010-01-04,2026-06-23
DHI,4297,2010-01-04,2026-06-23
DHR,4297,2010-01-04,2026-06-23
DIS,4297,2010-01-04,2026-06-23
DLR,4297,2010-01-04,2026-06-23
DLTR,4297,2010-01-04,2026-06-23
DOC,4297,2010-01-04,2026-06-23
DOV,4297,2010-01-04,2026-06-23
DOW,1886,2019-04-02,2026-06-23
DPZ,4297,2010-01-04,2026-06-23
DRI,4297,2010-01-04,2026-06-23
DTE,4297,2010-01-04,2026-06-23
DUK,4297,2010-01-04,2026-06-23
DVA,4297,2010-01-04,2026-06-23
DVN,4297,2010-01-04,2026-06-23
DXCM,4297,2010-01-04,2026-06-23
EA,4297,2010-01-04,2026-06-23
EBAY,4297,2010-01-04,2026-06-23
ECL,4297,2010-01-04,2026-06-23
ED,4297,2010-01-04,2026-06-23
EFX,4297,2010-01-04,2026-06-23
EG,4297,2010-01-04,2026-06-23
EIX,4297,2010-01-04,2026-06-23
EL,4297,2010-01-04,2026-06-23
ELV,4297,2010-01-04,2026-06-23
EME,4297,2010-01-04,2026-06-23
EMR,4297,2010-01-04,2026-06-23
EOG,4297,2010-01-04,2026-06-23
EQIX,4297,2010-01-04,2026-06-23
EQR,4297,2010-01-04,2026-06-23
EQT,4297,2010-01-04,2026-06-23
ERIE,4297,2010-01-04,2026-06-23
ES,4297,2010-01-04,2026-06-23
ESS,4297,2010-01-04,2026-06-23
ETN,4297,2010-01-04,2026-06-23
ETR,4297,2010-01-04,2026-06-23
EVRG,4297,2010-01-04,2026-06-23
EW,4297,2010-01-04,2026-06-23
EXC,4297,2010-01-04,2026-06-23
EXE,4297,2010-01-04,2026-06-23
EXPD,4297,2010-01-04,2026-06-23
EXPE,4297,2010-01-04,2026-06-23
EXR,4297,2010-01-04,2026-06-23
F,4297,2010-01-04,2026-06-23
FANG,4297,2010-01-04,2026-06-23
FAST,4297,2010-01-04,2026-06-23
FCX,4297,2010-01-04,2026-06-23
FDS,4297,2010-01-04,2026-06-23
FDX,4297,2010-01-04,2026-06-23
FDXF,17,2026-06-01,2026-06-23
FE,4297,2010-01-04,2026-06-23
FFIV,4297,2010-01-04,2026-06-23
FICO,4297,2010-01-04,2026-06-23
FIS,4297,2010-01-04,2026-06-23
FISV,4297,2010-01-04,2026-06-23
FITB,4297,2010-01-04,2026-06-23
FIX,4297,2010-01-04,2026-06-23
FLEX,4297,2010-01-04,2026-06-23
FOX,1896,2019-03-19,2026-06-23
FOXA,1896,2019-03-19,2026-06-23
FRT,4297,2010-01-04,2026-06-23
FSLR,4297,2010-01-04,2026-06-23
FTNT,4297,2010-01-04,2026-06-23
FTV,2601,2016-07-05,2026-06-23
GD,4297,2010-01-04,2026-06-23
GDDY,2930,2015-04-01,2026-06-23
GE,4297,2010-01-04,2026-06-23
GEHC,905,2023-01-04,2026-06-23
GEN,4297,2010-01-04,2026-06-23
GEV,581,2024-04-02,2026-06-23
GILD,4297,2010-01-04,2026-06-23
GIS,4297,2010-01-04,2026-06-23
GL,4297,2010-01-04,2026-06-23
GLW,4297,2010-01-04,2026-06-23
GM,4069,2010-11-18,2026-06-23
GNRC,4008,2011-02-11,2026-06-23
GOOG,4297,2010-01-04,2026-06-23
GOOGL,4297,2010-01-04,2026-06-23
GPC,4297,2010-01-04,2026-06-23
GPN,4297,2010-01-04,2026-06-23
GRMN,4297,2010-01-04,2026-06-23
GS,4297,2010-01-04,2026-06-23
GWW,4297,2010-01-04,2026-06-23
HAL,4297,2010-01-04,2026-06-23
HAS,4297,2010-01-04,2026-06-23
HBAN,4297,2010-01-04,2026-06-23
HCA,4297,2010-01-04,2026-06-23
HD,4297,2010-01-04,2026-06-23
HIG,4297,2010-01-04,2026-06-23
HII,3982,2011-03-21,2026-06-23
HLT,3269,2013-12-12,2026-06-23
HON,4297,2010-01-04,2026-06-23
HOOD,1279,2021-07-29,2026-06-23
HPE,2777,2015-11-02,2026-06-23
HPQ,4297,2010-01-04,2026-06-23
HRL,4297,2010-01-04,2026-06-23
HSIC,4297,2010-01-04,2026-06-23
HST,4297,2010-01-04,2026-06-23
HSY,4297,2010-01-04,2026-06-23
HUBB,4297,2010-01-04,2026-06-23
HUM,4297,2010-01-04,2026-06-23
HWM,2516,2016-11-01,2026-06-23
IBKR,4297,2010-01-04,2026-06-23
IBM,4297,2010-01-04,2026-06-23
ICE,4297,2010-01-04,2026-06-23
IDXX,4297,2010-01-04,2026-06-23
IEX,4297,2010-01-04,2026-06-23
IFF,4297,2010-01-04,2026-06-23
INCY,4297,2010-01-04,2026-06-23
INTC,4297,2010-01-04,2026-06-23
INTU,4297,2010-01-04,2026-06-23
INVH,2450,2017-02-01,2026-06-23
IP,4297,2010-01-04,2026-06-23
IQV,3424,2013-05-09,2026-06-23
IR,2378,2017-05-12,2026-06-23
IRM,4297,2010-01-04,2026-06-23
ISRG,4297,2010-01-04,2026-06-23
IT,4297,2010-01-04,2026-06-23
ITW,4297,2010-01-04,2026-06-23
IVZ,4297,2010-01-04,2026-06-23
J,4297,2010-01-04,2026-06-23
JBHT,4297,2010-01-04,2026-06-23
JBL,4297,2010-01-04,2026-06-23
JCI,4297,2010-01-04,2026-06-23
JKHY,4297,2010-01-04,2026-06-23
JNJ,4297,2010-01-04,2026-06-23
JPM,4297,2010-01-04,2026-06-23
KDP,4297,2010-01-04,2026-06-23
KEY,4297,2010-01-04,2026-06-23
KEYS,4297,2010-01-04,2026-06-23
KHC,2862,2015-07-06,2026-06-23
KIM,4297,2010-01-04,2026-06-23
KKR,4159,2010-07-15,2026-06-23
KLAC,4297,2010-01-04,2026-06-23
KMB,4297,2010-01-04,2026-06-23
KMI,4008,2011-02-11,2026-06-23
KO,4297,2010-01-04,2026-06-23
KR,4297,2010-01-04,2026-06-23
KVUE,819,2023-05-04,2026-06-23
L,4297,2010-01-04,2026-06-23
LDOS,3331,2013-09-17,2026-06-23
LEN,4297,2010-01-04,2026-06-23
LH,4297,2010-01-04,2026-06-23
LHX,4297,2010-01-04,2026-06-23
LII,4297,2010-01-04,2026-06-23
LIN,1995,2018-10-31,2026-06-23
LITE,2841,2015-08-04,2026-06-23
LLY,4297,2010-01-04,2026-06-23
LMT,4297,2010-01-04,2026-06-23
LNT,4297,2010-01-04,2026-06-23
LOW,4297,2010-01-04,2026-06-23
LRCX,4297,2010-01-04,2026-06-23
LULU,4297,2010-01-04,2026-06-23
LUV,4297,2010-01-04,2026-06-23
LVS,4297,2010-01-04,2026-06-23
LYB,4094,2010-10-14,2026-06-23
LYV,4297,2010-01-04,2026-06-23
MA,4297,2010-01-04,2026-06-23
MAA,4297,2010-01-04,2026-06-23
MAR,4297,2010-01-04,2026-06-23
MAS,4297,2010-01-04,2026-06-23
MCD,4297,2010-01-04,2026-06-23
MCHP,4297,2010-01-04,2026-06-23
MCK,4297,2010-01-04,2026-06-23
MCO,4297,2010-01-04,2026-06-23
MDLZ,4297,2010-01-04,2026-06-23
MDT,4297,2010-01-04,2026-06-23
MET,4297,2010-01-04,2026-06-23
META,3678,2012-05-18,2026-06-23
MGM,4297,2010-01-04,2026-06-23
MKC,4297,2010-01-04,2026-06-23
MLM,4297,2010-01-04,2026-06-23
MMM,4297,2010-01-04,2026-06-23
MNST,4297,2010-01-04,2026-06-23
MO,4297,2010-01-04,2026-06-23
MOS,4297,2010-01-04,2026-06-23
MPC,3908,2011-07-01,2026-06-23
MPWR,4297,2010-01-04,2026-06-23
MRK,4297,2010-01-04,2026-06-23
MRNA,1968,2018-12-07,2026-06-23
MRSH,4297,2010-01-04,2026-06-23
MRVL,4297,2010-01-04,2026-06-23
MS,4297,2010-01-04,2026-06-23
MSCI,4297,2010-01-04,2026-06-23
MSFT,4297,2010-01-04,2026-06-23
MSI,4297,2010-01-04,2026-06-23
MTB,4297,2010-01-04,2026-06-23
MTD,4297,2010-01-04,2026-06-23
MU,4297,2010-01-04,2026-06-23
NCLH,3503,2013-01-18,2026-06-23
NDAQ,4297,2010-01-04,2026-06-23
NDSN,4297,2010-01-04,2026-06-23
NEE,4297,2010-01-04,2026-06-23
NEM,4297,2010-01-04,2026-06-23
NFLX,4297,2010-01-04,2026-06-23
NI,4297,2010-01-04,2026-06-23
NKE,4297,2010-01-04,2026-06-23
NOC,4297,2010-01-04,2026-06-23
NOW,4297,2010-01-04,2026-06-23
NRG,4297,2010-01-04,2026-06-23
NSC,4297,2010-01-04,2026-06-23
NTAP,4297,2010-01-04,2026-06-23
NTRS,4297,2010-01-04,2026-06-23
NUE,4297,2010-01-04,2026-06-23
NVDA,4297,2010-01-04,2026-06-23
NVR,4297,2010-01-04,2026-06-23
NWS,3395,2013-06-19,2026-06-23
NWSA,3395,2013-06-19,2026-06-23
NXPI,4143,2010-08-06,2026-06-23
O,4297,2010-01-04,2026-06-23
ODFL,4297,2010-01-04,2026-06-23
OKE,4297,2010-01-04,2026-06-23
OMC,4297,2010-01-04,2026-06-23
ON,4297,2010-01-04,2026-06-23
ORCL,4297,2010-01-04,2026-06-23
ORLY,4297,2010-01-04,2026-06-23
OTIS,1623,2020-04-03,2026-06-23
OXY,4297,2010-01-04,2026-06-23
PANW,3633,2012-07-20,2026-06-23
PAYX,4297,2010-01-04,2026-06-23
PCAR,4297,2010-01-04,2026-06-23
PCG,4297,2010-01-04,2026-06-23
PEG,4297,2010-01-04,2026-06-23
PEP,4297,2010-01-04,2026-06-23
PFE,4297,2010-01-04,2026-06-23
PFG,4297,2010-01-04,2026-06-23
PG,4297,2010-01-04,2026-06-23
PGR,4297,2010-01-04,2026-06-23
PH,4297,2010-01-04,2026-06-23
PHM,4297,2010-01-04,2026-06-23
PKG,4297,2010-01-04,2026-06-23
PLD,4297,2010-01-04,2026-06-23
PLTR,1495,2020-09-30,2026-06-23
PM,4297,2010-01-04,2026-06-23
PNC,4297,2010-01-04,2026-06-23
PNR,4297,2010-01-04,2026-06-23
PNW,4297,2010-01-04,2026-06-23
PODD,4297,2010-01-04,2026-06-23
PPG,4297,2010-01-04,2026-06-23
PPL,4297,2010-01-04,2026-06-23
PRU,4297,2010-01-04,2026-06-23
PSA,4297,2010-01-04,2026-06-23
PSKY,229,2025-08-07,2026-06-23
PSX,3691,2012-05-01,2026-06-23
PTC,4297,2010-01-04,2026-06-23
PWR,4297,2010-01-04,2026-06-23
PYPL,2862,2015-07-06,2026-06-23
Q,167,2025-11-03,2026-06-23
QCOM,4297,2010-01-04,2026-06-23
RCL,4297,2010-01-04,2026-06-23
REG,4297,2010-01-04,2026-06-23
REGN,4297,2010-01-04,2026-06-23
RF,4297,2010-01-04,2026-06-23
RJF,4297,2010-01-04,2026-06-23
RL,4297,2010-01-04,2026-06-23
RMD,4297,2010-01-04,2026-06-23
ROK,4297,2010-01-04,2026-06-23
ROL,4297,2010-01-04,2026-06-23
ROP,4297,2010-01-04,2026-06-23
ROST,4297,2010-01-04,2026-06-23
RSG,4297,2010-01-04,2026-06-23
RTX,4297,2010-01-04,2026-06-23
RVTY,4297,2010-01-04,2026-06-23
SATS,4297,2010-01-04,2026-06-23
SBAC,4297,2010-01-04,2026-06-23
SBUX,4297,2010-01-04,2026-06-23
SCHW,4297,2010-01-04,2026-06-23
SHW,4297,2010-01-04,2026-06-23
SJM,4297,2010-01-04,2026-06-23
SLB,4297,2010-01-04,2026-06-23
SMCI,4297,2010-01-04,2026-06-23
SNA,4297,2010-01-04,2026-06-23
SNDK,348,2025-02-21,2026-06-23
SNPS,4297,2010-01-04,2026-06-23
SO,4297,2010-01-04,2026-06-23
SOLV,582,2024-04-01,2026-06-23
SPG,4297,2010-01-04,2026-06-23
SPGI,4297,2010-01-04,2026-06-23
SRE,4297,2010-01-04,2026-06-23
STE,4297,2010-01-04,2026-06-23
STLD,4297,2010-01-04,2026-06-23
STT,4297,2010-01-04,2026-06-23
STX,4297,2010-01-04,2026-06-23
STZ,4297,2010-01-04,2026-06-23
SW,512,2024-07-08,2026-06-23
SWK,4297,2010-01-04,2026-06-23
SWKS,4297,2010-01-04,2026-06-23
SYF,3104,2014-07-31,2026-06-23
SYK,4297,2010-01-04,2026-06-23
SYY,4297,2010-01-04,2026-06-23
T,4297,2010-01-04,2026-06-23
TAP,4297,2010-01-04,2026-06-23
TDG,4297,2010-01-04,2026-06-23
TDY,4297,2010-01-04,2026-06-23
TECH,4297,2010-01-04,2026-06-23
TEL,4297,2010-01-04,2026-06-23
TER,4297,2010-01-04,2026-06-23
TFC,4297,2010-01-04,2026-06-23
TGT,4297,2010-01-04,2026-06-23
TJX,4297,2010-01-04,2026-06-23
TKO,726,2023-09-12,2026-06-23
TMO,4297,2010-01-04,2026-06-23
TMUS,3430,2013-05-01,2026-06-23
TPL,4297,2010-01-04,2026-06-23
TPR,4297,2010-01-04,2026-06-23
TRGP,4056,2010-12-07,2026-06-23
TRMB,4297,2010-01-04,2026-06-23
TROW,4297,2010-01-04,2026-06-23
TRV,4297,2010-01-04,2026-06-23
TSCO,4297,2010-01-04,2026-06-23
TSLA,4171,2010-06-29,2026-06-23
TSN,4297,2010-01-04,2026-06-23
TT,4297,2010-01-04,2026-06-23
TTD,2545,2016-09-21,2026-06-23
TTWO,4297,2010-01-04,2026-06-23
TXN,4297,2010-01-04,2026-06-23
TXT,4297,2010-01-04,2026-06-23
TYL,4297,2010-01-04,2026-06-23
UAL,4297,2010-01-04,2026-06-23
UBER,1858,2019-05-10,2026-06-23
UDR,4297,2010-01-04,2026-06-23
UHS,4297,2010-01-04,2026-06-23
ULTA,4297,2010-01-04,2026-06-23
UNH,4297,2010-01-04,2026-06-23
UNP,4297,2010-01-04,2026-06-23
UPS,4297,2010-01-04,2026-06-23
URI,4297,2010-01-04,2026-06-23
USB,4297,2010-01-04,2026-06-23
V,4297,2010-01-04,2026-06-23
VEEV,3310,2013-10-16,2026-06-23
VICI,2189,2018-02-01,2026-06-23
VLO,4297,2010-01-04,2026-06-23
VLTO,712,2023-10-02,2026-06-23
VMC,4297,2010-01-04,2026-06-23
VRSK,4297,2010-01-04,2026-06-23
VRSN,4297,2010-01-04,2026-06-23
VRT,1663,2020-02-07,2026-06-23
VRTX,4297,2010-01-04,2026-06-23
VST,2537,2016-10-03,2026-06-23
VTR,4297,2010-01-04,2026-06-23
VTRS,1461,2020-11-17,2026-06-23
VZ,4297,2010-01-04,2026-06-23
WAB,4297,2010-01-04,2026-06-23
WAT,4297,2010-01-04,2026-06-23
WBD,1097,2022-04-11,2026-06-23
WDAY,3573,2012-10-12,2026-06-23
WDC,4297,2010-01-04,2026-06-23
WEC,4297,2010-01-04,2026-06-23
WELL,4297,2010-01-04,2026-06-23
WFC,4297,2010-01-04,2026-06-23
WM,4297,2010-01-04,2026-06-23
WMB,4297,2010-01-04,2026-06-23
WMT,4297,2010-01-04,2026-06-23
WRB,4297,2010-01-04,2026-06-23
WSM,4297,2010-01-04,2026-06-23
WST,4297,2010-01-04,2026-06-23
WTW,4297,2010-01-04,2026-06-23
WY,4297,2010-01-04,2026-06-23
WYNN,4297,2010-01-04,2026-06-23
XEL,4297,2010-01-04,2026-06-23
XOM,4297,2010-01-04,2026-06-23
XYL,3821,2011-11-01,2026-06-23
XYZ,2764,2015-11-19,2026-06-23
YUM,4297,2010-01-04,2026-06-23
ZBH,4297,2010-01-04,2026-06-23
ZBRA,4297,2010-01-04,2026-06-23
ZTS,3493,2013-02-01,2026-06-23
_summary.csv,ERROR,Missing column provided to 'parse_dates': 'Date',
