panel,model,gross_sharpe,avg_turnover,net_sharpe_5bps,net_sharpe_10bps
full,CAPM,0.736,0.488,0.51,0.283
full,FF3,0.733,0.683,0.409,0.085
full,FF5,0.216,0.739,-0.113,-0.443
full,LASSO_A,0.32,0.552,0.101,-0.115
full,RF_A,-0.001,0.443,-0.189,-0.376
full,SVM_A,0.304,0.636,0.059,-0.181
full,NN_A,-0.455,0.76,-0.853,-1.25
full,LASSO_B,0.587,0.578,0.343,0.102
full,RF_B,-0.021,0.557,-0.283,-0.545
full,SVM_B,-0.298,0.739,-0.64,-0.984
full,NN_B,0.207,0.812,-0.192,-0.59
balanced,CAPM,0.566,0.489,0.345,0.124
balanced,FF3,0.394,0.682,0.12,-0.155
balanced,FF5,0.113,0.738,-0.182,-0.478
balanced,LASSO_A,0.554,0.598,0.323,0.094
balanced,RF_A,0.004,0.459,-0.178,-0.36
balanced,SVM_A,0.092,0.635,-0.165,-0.419
balanced,NN_A,0.144,0.664,-0.164,-0.473
balanced,LASSO_B,0.707,0.632,0.462,0.22
balanced,RF_B,-0.088,0.585,-0.337,-0.586
balanced,SVM_B,-0.227,0.734,-0.532,-0.836
balanced,NN_B,0.083,0.77,-0.247,-0.577
