period,model,OOS_R2,RMSE,MAE,n
full_test,CAPM,-0.004439947386496446,0.06954491165406249,0.052468462358223104,37048
full_test,FF3,-0.05012622107056286,0.0711089265753231,0.053748964682540964,37048
full_test,FF5,-0.09868969347923606,0.07273457352370176,0.05497581415958785,37048
full_test,LASSO_A,0.01199620538419277,0.06897356563805994,0.052018335245920394,37048
full_test,RF_A,0.012721568328889266,0.06894824182092696,0.051991756133228914,37048
full_test,SVM_A,0.009189029350274769,0.06907148206542922,0.05208703171042246,37048
full_test,NN_A,-0.00035164614996552324,0.06940323546335711,0.052412263467731306,37048
full_test,LASSO_B,0.011967951473499494,0.06897455184835705,0.05202099996264965,37048
full_test,RF_B,0.012827358505335451,0.06894454770494117,0.05198880577838748,37048
full_test,SVM_B,0.005226765746717987,0.06920945306167786,0.052192903700076274,37048
full_test,NN_B,-0.001954797719424306,0.06945882559729644,0.05252312349193299,37048
pre_covid,CAPM,-0.01121586598096358,0.07951416707872286,0.0594690566312717,5473
pre_covid,FF3,-0.029943981322770652,0.08024710588424575,0.0598950302489844,5473
pre_covid,FF5,-0.035017240324429766,0.08044450217642006,0.06016363584177858,5473
pre_covid,LASSO_A,-0.012546159176919813,0.07956645185460189,0.05934750480803475,5473
pre_covid,RF_A,-0.012874422001177388,0.0795793483489577,0.05936228397892498,5473
pre_covid,SVM_A,-0.02280644070424187,0.07996856512652128,0.05936623637092868,5473
pre_covid,NN_A,-0.02237390152406893,0.07995165420675819,0.05993526646321385,5473
pre_covid,LASSO_B,-0.012420565844858622,0.07956151710391737,0.05934830210612097,5473
pre_covid,RF_B,-0.012855653518161647,0.07957861104602335,0.05935674402710876,5473
pre_covid,SVM_B,-0.02537437359813821,0.08006888966892897,0.05953171592857415,5473
pre_covid,NN_B,-0.02403693953768271,0.08001665420980145,0.05992594872972614,5473
covid,CAPM,0.12765673297184998,0.0834458012160777,0.06453285023441498,4631
covid,FF3,0.09011249388307341,0.08522257123398495,0.06614771607290452,4631
covid,FF5,0.07616694430889148,0.08587317710905683,0.06607970446034964,4631
covid,LASSO_A,0.06731646602430841,0.08628353646717214,0.06801110137704643,4631
covid,RF_A,0.07081203581054463,0.08612169526312503,0.06780914672290236,4631
covid,SVM_A,0.08731925984837485,0.08535328199323493,0.06673831099833981,4631
covid,NN_A,0.06681551083734627,0.08630670530262019,0.06825184758414327,4631
covid,LASSO_B,0.06748253455946907,0.08627585453762189,0.06800333429715302,4631
covid,RF_B,0.07071969712696591,0.0861259743577305,0.0678174831454465,4631
covid,SVM_B,0.07595441569146799,0.08588305414147988,0.06721056283778276,4631
covid,NN_B,0.08053397228479231,0.08566997221677615,0.06779624425843192,4631
post_covid,CAPM,-0.047825246360318596,0.06456873538936711,0.048972899980289634,26944
post_covid,FF3,-0.1049238116463953,0.06630465474842709,0.05036950971913841,26944
post_covid,FF5,-0.17930560958373287,0.06850007290474974,0.05201355673494942,26944
post_covid,LASSO_A,0.0007550239343929732,0.06305417361945155,0.047780840999828635,26944
post_covid,RF_A,0.000861504232526622,0.06305081397980418,0.04777600365697178,26944
post_covid,SVM_A,-0.007538258430071831,0.06331529353765439,0.048090254636146336,26944
post_covid,NN_A,-0.016482144119680298,0.06359569657310066,0.048161724964265615,26944
post_covid,LASSO_B,0.0006106589956316189,0.06305872829992282,0.04778567800101427,26944
post_covid,RF_B,0.0010633877013267456,0.06304444371174363,0.047771639399152695,26944
post_covid,SVM_B,-0.009393105814288427,0.06337354750684521,0.048121047301869335,26944
post_covid,NN_B,-0.023349210193101433,0.06381015225815108,0.04839435698376426,26944
