model,ann_ret,Sharpe,FF5_alpha_ann,alpha_t
CAPM,0.030063834321200945,0.5662125732877311,0.03384147677131626,1.60780721694975
FF3,0.023512420247200468,0.39446382226847326,0.03695095912909735,1.654327790927876
FF5,0.0068061505519207924,0.1134592123282504,0.016561507729143773,0.711436628209019
LASSO_A,0.03469331906989102,0.5543604203505034,0.0334894166579363,1.3994183247789236
RF_A,0.00023326562887408746,0.0038662987309488477,0.0005575373765128889,0.023382531041924726
SVM_A,0.005430815150399424,0.09243261131934125,0.004739811523787433,0.21467094550511734
NN_A,0.007452071495344153,0.144428876576969,0.004335590560216875,0.21747145073183058
LASSO_B,0.040936961659151956,0.6321863962964657,0.037897384613410995,1.547445176181033
RF_B,-0.013004351407622482,-0.22102989625228803,-0.011670566312403262,-0.5113385513732449
SVM_B,0.02173284627772278,0.35925325129933716,0.018895046382412246,0.8108498855542123
NN_B,-0.011780539039238033,-0.21251884646435587,-0.012499529267002785,-0.5930256966854024
